id,date,date_uncertain,state,district,site_type,deaths,injuries,rescuer_deaths,ppe,gas_test,machine_present,time_of_day,employer_type,fir_sections,ms_act_invoked,compensation_reported,source_urls,evidence_status,unknowns_and_cautions,design_test_candidate
TN-A,2019-01-23,false,TN,Coimbatore,public septic tank,2,,U,N,U,U,morning,Corporation,IPC 304A + MS Act s7/9,Y,,https://www.thenewsminute.com/article/corporation-worker-brother-suffocate-death-while-cleaning-septic-tank-tn-95509,FRIEND_REPORTED,No injury count or gas test reported; case details are leads only,Atmospheric hazard gate before entry and rescue
TN-B,2019-03-26,false,TN,Kancheepuram,private residential septic tank,6,,U,U,U,U,morning,private household,CrPC s174,Y,,https://www.thenewsminute.com/article/chennai-man-his-2-sons-and-3-others-die-after-inhaling-toxic-gas-septic-tank-99003 ; https://gulfnews.com/world/asia/india/toxic-gas-from-septic-tank-kills-6-in-tamil-nadu-1.1553604921272,FRIEND_REPORTED,Reported all-rescuers claim is ambiguous and not a definite count of six rescuers; tank emptied immediately before per note; no injury/PPE/test/machine facts,Prevent uncontrolled entry and secondary rescue; do not equate tank emptying with safe atmosphere
TN-C,2020-03-07,false,TN,Tiruvallur,factory septic tank,2,,U,N,U,U,,engineering firm,Manager arrested; FIR sections not specified,U,Compensation reportedly promised by following day,https://www.thenewsminute.com/amp/story/tamil-nadu/two-men-suffocate-death-septic-tank-manager-tn-engineering-firm-held,FRIEND_REPORTED,No time of day or FIR sections reported; no gas test or machine information,Confined-space entry controls and rescue readiness
TN-D,2020-07-02,true,TN,Thoothukudi,house septic tank,4,,U,U,U,U,~14:00,homeowner,IPC 288/304 + MS Act 8/9,Y,,https://www.thenewsminute.com/amp/story/tamil-nadu/four-men-employed-manual-scavenging-asphyxiate-death-tamil-nadu-127835,FRIEND_REPORTED,Note says 2 or 3 July; article weekday implies July 2; date retained as uncertain; no PPE/test/machine details,Permit and atmospheric verification before entry; non-gas hazards remain possible
TN-E,2021-02-14,false,TN,Kancheepuram,catering firm septic tank,3,,U,N,U,U,~10:00,catering firm,Not reported,U,CM reportedly announced Rs 10 lakh ex gratia,https://www.thenewsminute.com/article/three-more-lives-lost-manual-scavenging-time-near-chennai-143448 ; https://www.etvbharat.com/english/state/tamil-nadu/three-die-while-cleaning-septic-tank-in-kancheepuram/na20210214141428868,FRIEND_REPORTED,TNFR alerted about 30 minutes after incident; no FIR sections or gas/machine details,Emergency response delay and rescue readiness
TN-F,2022-04-21,false,TN,Madurai,public sewer/pumping junction,3,1,U,N,U,N,~21:30,contractor for Madurai Corporation,IPC 304,U,Rs 10 lakh mandated; Rs 5 lakh reportedly paid by contractor company,https://www.thenewsminute.com/amp/story/tamil-nadu/3-workers-die-madurai-sewer-corporation-says-no-clue-who-ordered-them-go-163246 ; https://scroll.in/latest/1022457/three-workers-die-of-asphyxiation-while-repairing-sewage-tank-in-madurai ; https://maktoobmedia.com/india/tn-three-die-while-cleaning-sewage-tank-kin-says-deaths-due-to-govt-negligence,FRIEND_REPORTED,Fourth worker reportedly hospitalized; no light; machine absence attributed to kin; gas testing not reported,Entry authorization and equipment readiness; machine presence is not proof of safe work
TN-G,2022-11-15,false,TN,Karur,house under construction septic tank,3,,U,N,U,U,,owner and contractor,IPC 288/304A,U,,https://thenewsminute.com/amp/story/tamil-nadu/two-arrested-after-three-workers-who-entered-septic-tank-die-karur-170052 ; https://nhrc.nic.in/media/press-release/nhrc-notice-to-the-chief-secretary-dgp-government-tamil-nadu-municipal-commissioner-karur-over-the-reported-death-three-sanitation-workers-while-cleaning-a-septic-tank,FRIEND_REPORTED,Workers reportedly entered sequentially; no time/test/machine details,Rescue cascade and entry prevention
TN-H,2023-05-01,false,TN,Tiruvallur,school septic tank,2,,U,N,U,U,afternoon,Minjur Town Panchayat employees hired through private contractor,FIR IPC 304/325 + SC/ST provisions; sections not fully specified,Y,,https://www.thenewsminute.com/amp/story/tamil-nadu/two-tn-dalit-men-die-while-cleaning-septic-tank-panchayat-washes-its-hands-incident-176707,FRIEND_REPORTED,Contractor reportedly at large; full section citation not provided; no time/test/machine details,Contractor accountability and controlled entry
TN-I,2023-05-13,false,TN,Cuddalore,newly built residential septic tank,3,,U,U,U,U,,Not reported,N,U,,https://www.dtnext.in/tamilnadu/2023/05/18/nhrc-notice-to-state-dgp-on-death-of-3-workers-in-septic-tank-at-cuddalore ; https://www.thenewsminute.com/tamil-nadu/tn-saw-five-manual-scavenging-deaths-18-days-all-deterrents-only-paper-177544,FRIEND_REPORTED,NHRC notice reported; employer, FIR, PPE, time, gas test, machinery, and compensation not specified,Entry prevention and escalation ownership
TN-J,2023-05-15,false,TN,Chennai,house septic tank,2,,U,U,U,U,,private household,CrPC s174; owner in custody; tanker owner and driver later arrested,U,,https://www.thenewsminute.com/article/two-die-cleaning-septic-tank-chennai-house-owner-custody-177236,FRIEND_REPORTED,No time/PPE/test/machine/compensation details; cited CrPC proceeding is not an inferred charge,Entry authorization and contractor chain accountability
TN-K,2023-05-16,false,TN,Ranipet,private tannery septic tank,1,3,U,U,U,U,~23:30,private tannery; seven workers reportedly hired,IPC 304(ii) + SC/ST provisions; exact sections not fully specified,Y,,https://thenewsminute.com/amp/story/tamil-nadu/40-year-old-man-die-asphyxiation-while-cleaning-tannery-s-septic-tank-in-ranipet-177321,FRIEND_REPORTED,Three reportedly hospitalized in ICU; no time-independent PPE/test/machine details,Atmospheric testing and rescue capacity
TN-L,2023-09-07,false,TN,Chennai,septic tank at staff quarters,2,,U,U,U,U,afternoon,contractor,IPC 304 + MS Act s7/9 + SC/ST provisions,Y,CM reportedly announced Rs 2 lakh ex gratia per TNM,https://thenewsminute.com/tamil-nadu/tn-two-dalit-men-die-of-asphyxiation-while-cleaning-septic-tank-contractor-booked ; https://scroll.in/latest/1055681/tamil-nadu-two-dalit-men-die-while-cleaning-sewage-tank,FRIEND_REPORTED,Location described as Avadi; no test/machine details; compensation amount uncertain,Confined-space entry and contractor oversight
TN-M,2024-08-12,false,TN,Chennai,underground sewage drain,1,,U,U,U,Y,,Avadi Corporation contract worker; contractor VB Associates,Not specified; proprietor and supervisor arrested,U,,https://www.dtnext.in/news/chennai/two-arrested-for-contract-staffs-death-in-avadi-corporation-799277,FRIEND_REPORTED,Jet rodding machine present; worker reportedly swooned while setting piping; FIR sections and time not reported; machine presence does not demonstrate successful or safe operation,Test interaction between mechanized equipment and worker exposure; machine presence != machine success
TN-N,2025-05-19,false,TN,Tiruppur,factory effluent/sewage tank,3,1,U,N,U,U,evening,industrial mill; owner/manager/supervisor/vehicle owner charged,Not reported,U,Rs 30 lakh reportedly offered by peace committee,https://www.thenewsminute.com/amp/story/tamil-nadu/tn-three-dalit-men-die-of-asphyxiation-cleaning-sewage-tank-one-critical,FRIEND_REPORTED,One injured; no FIR section or gas/machine details,Entry control and multi-employer accountability
TN-O,2025-06-08,false,TN,Thoothukudi,manhole behind government hospital,1,,U,U,U,U,morning,contract worker,BNSS s194; report says not classified as manual scavenging,N,,https://www.thenewsminute.com/amp/story/tamil-nadu/tamil-nadu-dalit-man-dies-after-falling-into-manhole-while-cleaning-sewage-tank,FRIEND_REPORTED,Do not infer cause from classification; no PPE/test/machine/compensation details,Classification must not bypass hazard assessment
TN-P,2025-09-22,false,TN,Tiruchirappalli,new UGD phase 2 sewer,2,,U,U,U,U,,construction firm engaged by Corporation,BNS s106(1); report says MS Act not invoked,N,Rs 30 lakh reportedly announced per Outlook,https://thesouthfirst.com/tamilnadu/tiruchi-two-contract-workers-die-of-suffocation-while-cleaning-drainage-system ; https://nhrc.nic.in/media/press-release/nhrc,-india-takes-suo-motu-cognizance-of-the-reported-death-of-two-sanitation-workers-due-to-asphyxiation-while-working-in-an-underground-drainage-pipeline-in-tiruchirappalli,-tamil-nadu ; https://www.thenewsminute.com/tamil-nadu/two-die-of-asphyxiation-while-cleaning-sewer-in-trichy,FRIEND_REPORTED,No time/PPE/test/machine details; statutory status is report-only and not independently checked,Entry and rescue safeguards across new UGD work
TN-Q,2025-10-04,false,TN,Chennai,CMWSSB underground sewer,1,2,U,U,U,U,afternoon,contract work for CMWSSB; manager charged/remanded,Not specified,U,,https://www.thenewsminute.com/amp/story/tamil-nadu/chennai-sanitation-worker-dies-of-asphyxiation-in-sewer-two-others-hospitalised,FRIEND_REPORTED,Two rescuers reportedly collapsed and were hospitalized; no FIR sections/PPE/test/machine details,Rescue cascade prevention and atmospheric verification
TN-R,2026-01-16,false,TN,Chennai,sewage pit cave-in,1,,U,U,U,U,~04:00,Metro Water contract worker; two contractors booked,BNS s105(2) + MS Act,Y,,https://www.dtnext.in/news/chennai/chennai-contract-worker-buried-alive-after-10-foot-sewage-pit-caves-in-at-tiruvottiyur,FRIEND_REPORTED,Reported cause is cave-in rather than gas; no PPE/test/machine details; non-gas cave-in must remain outside atmospheric gate only,Test separate excavation/cave-in safety pathway alongside atmosphere gate
TN-S,2026-09-02,false,TN,Tiruchirappalli,house septic tank,2,,U,U,U,U,,septic tank cleaning company worker and resident rescuer,Not reported,U,,https://www.thenewsminute.com/tamil-nadu/tamil-nadu-sanitation-worker-rescuer-die-after-inhaling-toxic-gas-during-manual-scavenging,FRIEND_REPORTED,Date is after source-note heading context; no FIR/PPE/test/machine/compensation details,Prevent uncontrolled rescue entry
TN-T,2026-10-03,false,TN,Ariyalur,new septic tank construction site,3,,U,U,U,U,evening,Not reported,Not reported,U,,https://www.uniindia.com/south-india/mishap-tn-asyphyxiation-03ms3/201251,FRIEND_REPORTED,Employer, FIR, PPE, test, machinery, and compensation not reported,Construction site hazard assessment and entry controls
KL,,true,KL,Idukki,hotel septic tank,3,,U,U,U,U,,Hotel; three workers reported as from Tamil Nadu,Not reported,U,,https://www.outlookindia.com/amp/story/national/three-tamil-nadu-workers-die-in-hotel-septic-tank-accident-in-kerala,FRIEND_REPORTED,Source-note date is 2025-10-01?; date left blank because uncertain; no worker names or other details needed,Apply entry and rescue controls across state/employer boundaries
MH,2019-12-23,false,MH,Mumbai,residential building SRA septic tank,3,,U,U,Y,U,~11:30,Not reported,Not reported,U,,https://www.pressreader.com/india/hindustan-times-st-mumbai/20191224/281844350542125,FRIEND_REPORTED,Low oxygen reportedly found by fire brigade; no gas test procedure, PPE, employer, FIR, or compensation details,Atmospheric measurement and rescue readiness
GJ,2023-04-04,false,GJ,Not reported,panchayat office septic tank,3,,U,U,U,U,,Not reported,Not reported,U,,https://www.deccanherald.com/india/gujarat-three-labourers-die-after-inhaling-toxic-gas-while-cleaning-septic-tank-1206657.html,FRIEND_REPORTED,No district, time, PPE, testing, machine, employer, FIR, or compensation details,Entry authorization and rescue controls
