source_key,title,locator,source_url,paraphrase,source_category,verification_status,retrieved_on
MSR2013_R6_3_A,"Manual Scavengers and Construction of Dry Latrines (Prohibition) Rules 2013",Rule 6(3)(a),https://ncsk.nic.in/sites/default/files/MSRULES2013HINDIPDF10022026_0-1.pdf,"At least three persons shall be present for the prescribed work; exact applicability to a proposed activity and jurisdiction requires review.",RULE,TEXT_VERIFIED_APPLICABILITY_PENDING,2026-10-07
MSR2013_R6_3_P,"Manual Scavengers and Construction of Dry Latrines (Prohibition) Rules 2013",Rule 6(3)(p),https://ncsk.nic.in/sites/default/files/MSRULES2013HINDIPDF10022026_0-1.pdf,"Prescribes oxygen between 19.5 and 21 percent and testing at three depths; implementation must verify the original text and applicability.",RULE,TEXT_VERIFIED_APPLICABILITY_PENDING,2026-10-07
MSR2013_R6_3_K,"Manual Scavengers and Construction of Dry Latrines (Prohibition) Rules 2013",Rule 6(3)(k),https://ncsk.nic.in/sites/default/files/MSRULES2013HINDIPDF10022026_0-1.pdf,"Prescribes a 90-minute work stretch followed by 30 minutes rest; applicability and interpretation require jurisdiction review.",RULE,TEXT_VERIFIED_APPLICABILITY_PENDING,2026-10-07
MSR2013_R6_1,"Manual Scavengers and Construction of Dry Latrines (Prohibition) Rules 2013",Rule 6(1),https://ncsk.nic.in/sites/default/files/MSRULES2013HINDIPDF10022026_0-1.pdf,"Protective equipment is subject to checks at six-calendar-month intervals under the cited provision; confirm what equipment and work are covered.",RULE,TEXT_VERIFIED_APPLICABILITY_PENDING,2026-10-07
MSR2013_R6_3_I,"Manual Scavengers and Construction of Dry Latrines (Prohibition) Rules 2013",Rule 6(3)(i),https://ncsk.nic.in/sites/default/files/MSRULES2013HINDIPDF10022026_0-1.pdf,"Training provision states a two-year interval; applicability and acceptable evidence remain subject to review.",RULE,TEXT_VERIFIED_APPLICABILITY_PENDING,2026-10-07
MSR2013_R6_3_D,"Manual Scavengers and Construction of Dry Latrines (Prohibition) Rules 2013",Rule 6(3)(d),https://ncsk.nic.in/sites/default/files/MSRULES2013HINDIPDF10022026_0-1.pdf,"Structural safety-related provision; retain as a source reference without treating a checklist attestation as physical certification.",RULE,TEXT_VERIFIED_APPLICABILITY_PENDING,2026-10-07
MSR2013_R6_3_V,"Manual Scavengers and Construction of Dry Latrines (Prohibition) Rules 2013",Rule 6(3)(v),https://ncsk.nic.in/sites/default/files/MSRULES2013HINDIPDF10022026_0-1.pdf,"Structural/safety-related provision; precise applicability and interpretation require qualified review.",RULE,TEXT_VERIFIED_APPLICABILITY_PENDING,2026-10-07
MSR2013_R7,"Manual Scavengers and Construction of Dry Latrines (Prohibition) Rules 2013",Rule 7,https://ncsk.nic.in/sites/default/files/MSRULES2013HINDIPDF10022026_0-1.pdf,"Rescue and insurance-related requirements are recorded as source references; do not infer eligibility, coverage, or payment authority.",RULE,TEXT_VERIFIED_APPLICABILITY_PENDING,2026-10-07
MSR2013_R4,"Manual Scavengers and Construction of Dry Latrines (Prohibition) Rules 2013",Rule 4,https://ncsk.nic.in/sites/default/files/MSRULES2013HINDIPDF10022026_0-1.pdf,"Equipment catalogue/source reference for review; catalogue presence alone does not establish that a selected item is legally applicable.",RULE,TEXT_VERIFIED_APPLICABILITY_PENDING,2026-10-07
MSR2013_R3,"Manual Scavengers and Construction of Dry Latrines (Prohibition) Rules 2013",Rule 3,https://ncsk.nic.in/sites/default/files/MSRULES2013HINDIPDF10022026_0-1.pdf,"Exception-related source reference; no exception or waiver is accepted without independent legal and jurisdictional verification.",RULE,TEXT_VERIFIED_APPLICABILITY_PENDING,2026-10-07
OP_DEMO,ZeroEntry educational demonstration profile,Team-authored operational assumptions,,"Demonstration-only settings and selected checklist items; not legal requirements, verified jurisdiction rules, or deployment policy.",OPERATIONAL_DEMO,TEAM_POLICY_NOT_LAW,2026-10-07
